year,composer,piece,composed
1983,(arr),Christmas Music for Orchestra,NA
1982,(arr),Ukrainian Folk Dances,NA
2019,Abe,Prism Rhapsody,NA
1996,Adam,Cantique de Noel,NA
2022,Adams,Short Ride in a Fast Machine,1986
1980,Anderson,A Christmas Festival,1950
2007,Anderson,A Christmas Festival,1950
1998,Applebaum,Place Setting,NA
2000,Archer,Fanfare and Passacaglia,1949
2000,Archer,Sinfonietta,1968
1987,Arnord,Concerto for Two Pianos,NA
1980,Arteaga,Steps,2008
1998,Atterberg,Suite for Violin and Viola and String Orchestra,NA
1980,Bach,Brandenburg Concerto #4,1719
1988,Bach,Concerto for Violin & Oboe,NA
1995,Bach,Double Concerto,NA
2007,Bach,"Music for Brass – Jesu, Joy of Man’s Desire,",NA
1986,Bach,Orchestral Suite #3,1731
1981,Bach,Overture in B minor,1738
1990,Bach,Sinfonia from Easter Oratorio,NA
2004,Bach,Symphony in D,NA
1999,Baker,Concerto for Flute and String Orchestra,NA
2009,Baker,Harp Concerto,NA
2019,Baker,"Harp Concerto, 3rd Mvt: Siguirya",NA
1996,Baker,Through Lion's Gate,NA
2014,Ballard/Silvestri,Polar Express Concert Suite,NA
2002,Barber,Adagio,1936
2002,Barber,Knoxville: Summer of 1915,1947
2001,Barber,Violin Concerto,1939
2014,Barber,Violin Concerto,1939
2003,Bartok,Roumanian Folk Dances,1917
2018,Beach,Symphony #1,1896
2003,Beethoven,Coriolan Overture,1807
2015,Beethoven,Coriolan Overture,1807
2022,Beethoven,Coriolan Overture,1807
1995,Beethoven,Coriolan Overture,1807
2015,Beethoven,Creatures of Prometheus Overture,1801
1997,Beethoven,Creatures of Prometheus Overture,1801
1993,Beethoven,Egmont Overture,1810
2003,Beethoven,Egmont Overture,1810
2010,Beethoven,Egmont Overture,1810
2014,Beethoven,Egmont Overture,1810
1978,Beethoven,Leonore Overture #3,1806
1981,Beethoven,Leonore Overture #3,1806
2006,Beethoven,Overture to Fidelio,1814
2005,Beethoven,Piano Concerto #1,1795
1986,Beethoven,Piano Concerto #2,1795
2022,Beethoven,Piano Concerto #2,1795
1989,Beethoven,Piano Concerto #3,1800
2013,Beethoven,Piano Concerto #3,1800
2022,Beethoven,Piano Concerto #5,1809
1983,Beethoven,Piano Concerto #5,1809
1999,Beethoven,Piano Concerto #5,1811
2009,Beethoven,Symphony #1,1800
1982,Beethoven,Symphony #2,1802
2012,Beethoven,Symphony #3,1804
1998,Beethoven,Symphony #4,1806
1978,Beethoven,Symphony #5,1808
1994,Beethoven,Symphony #5,1808
2001,Beethoven,Symphony #5,1808
2017,Beethoven,Symphony #5,1808
1986,Beethoven,Symphony #6,1808
2005,Beethoven,Symphony #6,1808
1990,Beethoven,Symphony #7,1812
1997,Beethoven,Symphony #7,1812
2011,Beethoven,Symphony #7,1812
1979,Beethoven,Symphony #8,1812
2010,Beethoven,Symphony #8,1812
2014,Beethoven,Symphony #9,1824
2008,Beethoven,Symphony #9,1824
2001,Beethoven,The Ruins of Athens Overture,1811
2007,Beethoven,"Triple Concerto for Piano, Violin and Cello",1804
2024,Beethoven,"Triple Concerto for Piano, Violin and Cello",1804
1987,Beethoven,Violin Concerto,1806
1997,Beethoven,Violin Concerto,1806
2018,Beethoven,Violin Concerto,1806
2002,Berlioz,Beatrice & Benedict Overture,1862
2008,Berlioz,La Damnation de Faust – Rakoczy March,1846
2024,Berlioz,La Damnation de Faust – Rakoczy March,1846
1983,Berlioz,Roman Carnival Overture,1844
1987,Berlioz,Roman Carnival Overture,1844
2015,Berlioz,Roman Carnival Overture,1844
1988,Berlioz,Summer Nights,NA
1994,Berlioz,Symphonie Fantastique,1830
2009,Berlioz,Symphonie Fantastique,1830
1994,Bernstein,"Don’t Cry for Me Argentina, Somewhere",NA
2012,Bernstein,Overture to Candide,1956
1985,Bernstein,Overture to Candide,1956
1994,Bernstein,Overture to Candide,1956
1994,Bernstein,West Side Story,NA
1994,Berr/Rossini,"Introduction, Theme and Variations",NA
2023,Bizet,Carmen Overture,1875
1992,Bizet,Carmen Suite #1,1875
1995,Bizet,Carmen Suite #1,1875
1978,Bizet,L’Arlesienne Suite #2,1872
2005,Bizet,L’Arlesienne Suite #2,1872
2011,Bizet,March of the Toreadors from Carmen,1875
1983,Bizet,Symphony #1,1855
2022,Bizet,Symphony #1,1855
1984,Bizet,Two Arias from “Carmen”,1875
1990,Blake,Nocturne for Horn & Orchestra,1942
2007,Blake,The Snowman,NA
2022,Boieldieu,Le Calife de Bagdad Overture,1800
2007,Borodin,In the Steps of Central Asia,NA
2009,Borodin,Polovetsian Dances from Prince Igor,1890
2000,Borodin,Prince Igor Overture,1869
2013,Bottesini,Bass Concerto No. 2,1853
2004,Bottesini,Grand Duo Concertant for Violin and Double Bass,1880
1980,Brahms,Academic Festival Overture,1880
2004,Brahms,Academic Festival Overture,1880
2012,Brahms,Academic Festival Overture,1880
1978,Brahms,"Dances #5, 6, 19 & 20",1868
1979,Brahms,Double Concerto for Violin and Cello,1887
2002,Brahms,Double Concerto for Violin and Cello,1887
2009,Brahms,Double Concerto for Violin and Cello,1887
2013,Brahms,Piano Concerto #1,1859
2010,Brahms,Piano Concerto #2,1881
2022,Brahms,Piano Concerto #2,1881
2004,Brahms,Requiem,1868
2012,Brahms,Requiem,1868
2018,Brahms,Requiem,1868
1984,Brahms,Serenade #1,1858
1996,Brahms,Symphony #1,1876
2009,Brahms,Symphony #1,1876
2023,Brahms,Symphony #1,1876
2002,Brahms,Symphony #2,1877
1985,Brahms,Symphony #2,1877
1993,Brahms,Symphony #2,1877
2016,Brahms,Symphony #2,1877
1981,Brahms,Symphony #3,1883
2007,Brahms,Symphony #3,1883
2022,Brahms,Symphony #3,1883
1995,Brahms,Symphony #4,1885
2011,Brahms,Symphony #4,1885
2000,Brahms,Tragic Overture,1880
2011,Brahms,Tragic Overture,1880
2024,Brahms,Tragic Overture,1880
1983,Brahms,Variation on a Theme of Haydn,1873
1989,Brahms,Variation on a Theme of Haydn,1873
2008,Brahms,Violin Concerto,1878
2011,Brahms,Violin Concerto,1878
2004,Britten,A Young Persons Guide to the Orchestra,1945
2015,Britten,A Young Persons Guide to the Orchestra,1946
1993,Britten,Soirees Musicales Suite of Pieces from Rossini,1936
2024,Bruch,Romanze,1911
2022,Bruch,Scottish Fantasy,1880
2015,Bruch,Violin Concerto,1866
2022,Bruch,Violin Concerto,1866
1996,Bruckner,Cristus Factus Est,NA
2005,Bruckner,Symphony #0,NA
2000,Bruckner,Symphony #4,1888
1998,Bruckner,Symphony #7,1883
1978,Canteloube,Chants D’Auvergne,1923
1979,Castelnuovo-Tedesco,Guitar Concerto in D,1939
1987,Chabrier,Espana Rhapsody,1883
1995,Chatman,Crimson Dream,NA
2008,Chatman,Proud Music of the Storm,NA
2014,Chopin,Piano Concerto #1,1830
2024,Chopin,Piano Concerto #1,1830
2010,Chopin,Piano Concerto #2,1830
2022,Chopin,Piano Concerto #2,1830
1979,Cimerosa,Three Brothers Overture,1790
1989,Coates,Knightsbridge March,1933
2019,Copland,An Outdoor Overture,1938
1988,Copland,Billy The Kid Ballet Suite,1938
1988,Copland,El Salon Mexico,1936
1988,Copland,Quiet City,1940
1996,Corelli,"Concerto Grosso ""Christmas""",NA
1986,Cotterall,Heritage – You and I : A Ballet,1951
1998,Coulthard,Concerto for Violin and Orchestra,NA
2018,Coulthard,Endymion,NA
2000,Coulthard,Music on a Quiet Song,NA
2000,Coulthard,Song to the Sea,NA
1997,Cowell,Canadian Odyssey,NA
2013,Debussy,La Mer,1905
2002,Debussy,Pelleas & Melisande Interludes,1895
1996,Debussy,Petite Suite,1889
2007,Debussy,Prelude a l’apres midi d’un Faune,1894
1983,Debussy,Prelude a l’apres midi d’un Faune,1894
2009,Delibes,Coppelia Ballet Suite #2,1870
2007,Delius,Sleighride,NA
2016,Donizatti,Chorus of the Wedding Guests fr. Lucia di Lammermoor,1835
2011,Donizatti,Per te D’immenso Giubilo from Lucia di Lammermoor,1835
2013,Donizetti,Don Pasquale Overture,1843
1992,Douglas,Helvetia,NA
2024,Dukas,Sorcerer’s Apprentice,1897
1988,Duke,Commentaries on a Theme by Praetorius,NA
2007,Dvorak,Carnival Overture,1892
1989,Dvorak,Cello Concerto,1895
2000,Dvorak,Cello Concerto,1895
2009,Dvorak,Cello Concerto,1895
2013,Dvorak,Cello Concerto,1895
2019,Dvorak,Die Mittagshexe,1896
1983,Dvorak,Romance for Violin and Orchestra,1879
1979,Dvorak,Serenade in D minor,1878
1987,Dvorak,Slavonic Dances Op 46,1878
2009,Dvorak,Slavonic Dances Op 46,1878
2016,Dvorak,Slavonic Dances Op 46,1878
2006,Dvorak,Symphony #3,1873
1983,Dvorak,Symphony #4,1874
2016,Dvorak,Symphony #5,1875
2003,Dvorak,Symphony #6,1880
1998,Dvorak,Symphony #7,1885
2008,Dvorak,Symphony #7,1885
2024,Dvorak,Symphony #7,1885
1988,Dvorak,Symphony #8,1889
2002,Dvorak,Symphony #8,1889
2019,Dvorak,Symphony #8,1889
1999,Dvorak,Symphony #9 “The New World”,1893
1979,Dvorak,Symphony #9 “The New World”,1893
1986,Dvorak,Symphony #9 “The New World”,1893
2013,Dvorak,Symphony #9 “The New World”,1893
1982,Dvorak,Violin Concerto,1879
2022,Dvorak,Violin Concerto,1879
2003,Elgar,Cello Concerto,1919
2015,Elgar,Cello Concerto,1919
2016,Elgar,Cello Concerto,1919
1993,Elgar,Enigma Variations,1899
2007,Elgar,Enigma Variations,1899
2024,Elgar,Introduction and Allegro,1905
2017,Elgar,Pomp & Circumstance No. 1,1901
2013,Elgar,Violin Concerto,1910
2016,Estacio,Wondrous Light,NA
2004,Falla,The Three-Cornered Hat Suite No.2,1919
2004,Faure,Masques et Bergamasques,1919
2018,Faure,Masques et Bergamasques,1919
2002,Faure,Masques et Bergamasques,1919
1982,Faure,Pavane,1887
1994,Faure,Suite from Pelleas et Melisande,1898
2000,Fischer,Timpani Concerto,NA
1997,Fleming,Four Fantasies on Canadian Folk Themes,NA
1989,Flotow,M’appari Tutti Amor from Martha,NA
1995,Forsyth,Dawn form African Ode,NA
1979,Francaix,L’Horlage de Fleur,1959
1994,Françaix,L’Horlage de Fleur,1959
1994,Franck,Symphony in D minor,1888
2001,Franck,Symphony in D minor,1888
1987,Franck,Symphony in D minor,NA
2004,Franck,Symphony Variation for Piano and Orchestra,NA
1978,Freedman,Klee Wyck,1961
1980,Gabrielli,Canzon Noni Toni,1597
2003,Gaos,Impression Nocturn,1981
1989,Gershwin,An American in Paris,1928
1985,Gershwin,Porgy and Bess,1935
2018,Gershwin,Rhapsody in Blue,1924
2013,Gimenez,Las Bodas de Luis Alonzo: Intermedio,1897
2013,Ginastera,Suite del ballet “La Estancia”,1941
1990,Glazunov,Saxphone Concerto,NA
2017,Glazunov,Symphony No. 5,1895
2018,Glinka,Ruslan and Ludmila Overture,1842
1998,Glinka,Ruslan and Ludmila Overture,1842
2009,Glinka,Ruslan and Ludmila Overture,1842
2005,Gluck,Alceste Overture,1767
2014,Gluck,Che faro senza Euridice,1762
2009,Gluck,Overture Iphigenia in Aulis,1774
2003,Gounod,Ballet Music from “Faust”,1859
1980,Gounod,Petite Symphonie,1885
2008,Grieg,Norwegian Dances,1881
1997,Grieg,Peer Gynt Suite #1,1875
2016,Grieg,Peer Gynt Suite #1,1875
1985,Grieg,Peer Gynt Suite #2,1892
1997,Grieg,Peer Gynt Suite #2,1892
2012,Grofe,Grand Canyon Suite,1931
2016,Grondahl,Concerto for Trombone and Orchestra,NA
2013,Guarnieri,Danza Brasileria,NA
2014,Habibi,The Promised Hand,NA
1978,Hammerstein,Oklahoma,1943
1996,Handel,Comfort ye from the Messiah,1741
1998,Handel,Messiah,1741
2014,Handel,Ombra mai fu,1738
1996,Handel,Ombra Mai Fu from Xerxes,1738
1997,Handel,Royal Fireworks Suite,1749
2014,Hanson,Symphony #2,1930
1997,Haydn,Cello Concerto No.2,1783
1981,Haydn,Cello Concerto No.2,1783
2022,Haydn,Cello Concerto No.2,1783
2022,Haydn,Cello Concerto No.2,1783
1990,Haydn,"Sinfonia Concertante for Violin, Cello, Oboe & Bassoon",NA
1996,Haydn,Symphony #103 “The Drum Roll”,1795
1985,Haydn,Symphony #86,1786
1993,Haydn,The Creation,1798
2012,Haydn,Trumpet Concerto,1796
1996,Holcombe,Festive sounds of Hanukah,NA
1979,Holst,St. Paul’s Suite for Strings,1913
2017,Holst,The Planets,1916
2010,Hummel,Trumpet Concerto,NA
1987,Humperdinck,Evening Prayer and Dream Pantomine,1893
2023,Humperdinck,Hansel and Gretel,1893
2009,Humperdinck,Hansel and Gretel,1893
2014,Humperdinck,Hansel and Gretel,1893
1999,Humperdinck,Hansel and Gretel,1893
2000,Humperdinck,Hansel and Gretel,1893
1982,Ibert,Concerto for Saxophone and Orchestyra,1934
1990,Johnston,Symphony #4,NA
1997,Jones,Miramichi Ballad,NA
2014,Khachaturian,Masquerade Suite,1941
2012,Knudson,Mosaic Concerto for Horn,NA
1980,Kodaly,Hary Janos Suite,1926
2008,Kolodub,Ukranian Carpathian Rhapsody,NA
1985,Kuhlau,William Shakespeare Overture,1827
1989,Kulesha,Celebration Overture,NA
1995,Kulesha,Journey into Sunrise,NA
2001,Lehar,The Merry Widow,1905
2002,Lehar,The Merry Widow,1905
1999,Liszt,Hamlet,1858
1982,Liszt,Les Preludes,1848
2015,Liszt,Les Preludes,1848
2023,Liszt,Les Preludes,1848
1989,Liszt,Piano Concerto #1,1849
2013,Liszt,Piano Concerto #1,1849
2013,Liszt,Piano Concerto #1,1849
1980,Locatelli,Concerto Grosso,1736
1994,Loesser,If I Were a Bell,NA
1978,Lowe,Camelot,1960
1985,Luboff,African Mass,1968
1986,Lucas,Concerto for Oboe and Orchestra,1956
2024,Lysenko,Taras Bulba Overture,1891
2019,MacCunn,Land of the Mountain and Flood,1887
1995,Macmillan,Two Sketches on French Canadian Airs,NA
1999,Mahler,Kindertotenlieder,1904
1999,Mahler,Songs og a Wayfarer,NA
1980,Mahler,Symphony #1,1888
2014,Mahler,Symphony #1,1888
1988,Mahler,Symphony #5,1902
2013,Marquez,Danzon no. 2,1994
1988,Massenet,"Cendrillon, Marce des Princesses",NA
2013,Mejia,"Danza, Magia, y Ritua",NA
1995,Mendelssohn,Hebrides Overture,1830
2022,Mendelssohn,Hebrides Overture,1830
2007,Mendelssohn,Nocturne from Midsummer Night Dream,1843
2018,Mendelssohn,Overture to “A Midsummer Night’s Dream”,1826
1987,Mendelssohn,Overture to “A Midsummer Night’s Dream”,1826
2010,Mendelssohn,Overture to Fingal’s Cave,1832
1979,Mendelssohn,Piano Concerto #1,1831
2004,Mendelssohn,Serenade and Allegro Giocoso for Piano and Orchestra,1838
1996,Mendelssohn,Sinfonia VI in E flat,NA
2015,Mendelssohn,Symphony #3,1842
1983,Mendelssohn,Symphony #4 “Italian”,1833
1989,Mendelssohn,Symphony #4 “Italian”,1833
2024,Mendelssohn,Symphony #4 “Italian”,
1981,Mendelssohn,Symphony #5 “Reformation”,1830
1997,Mendelssohn,Symphony #5 “Reformation”,1830
2003,Mendelssohn,Violin Concerto,1844
1999,Mercure,Kaleidoscope,1948
1995,Mercure,Pantomime,NA
1995,Milhaud,Chansons de Ronsard,NA
1992,Milhaud,Concerto for Percussion & Small Orchestra,1930
2008,Monti,Csardas,1904
1998,Morawetz,Passacaglia on a Bach Choral,NA
1997,Morley,Silver Serenade,NA
2018,Morlock,Oiseaux blues et sauvages,NA
1996,Mouret,Rondeau,1729
2016,Mozart,Aria and Finale from Die Zauberflote,1791
2012,Mozart,Ave Verum Corpus,1791
1996,Mozart,Clarinet Concerto,1791
1996,Mozart,Concertante in E flat Major,1778
1984,Mozart,Concerto for Clarinet,1791
1985,Mozart,Concerto for Flute and Harp,1778
1999,Mozart,Don Giovanni Overture,1787
2011,Mozart,Flute Concerto #2,NA
1990,Mozart,Horn Concerto #3,1787
1999,Mozart,Horn Concerto #4,1786
2005,Mozart,Idomeneo Overture,1781
2010,Mozart,Idomeneo Overture,1781
2018,Mozart,Kyrie in D Minor,NA
1997,Mozart,La Clemenza di Tito Overture’,NA
2003,Mozart,Linz Symphony,1783
2003,Mozart,Magic Flute,1791
2022,Mozart,Magic Flute Overture,1791
2011,Mozart,Mass in C,1779
2016,Mozart,Mass in C,1779
1985,Mozart,Overture to “The Magic Flute”,1791
1990,Mozart,Overture to Cosi Fan Tutte,1790
2008,Mozart,Overture to Marriage of Figaro,1786
2024,Mozart,Overture to Marriage of Figaro,1786
1998,Mozart,Piano Concerto # 20 in D Minor,1785
1994,Mozart,Piano Concerto #23,1786
1990,Mozart,Piano Concerto #24,1786
2016,Mozart,"Piano Concerto No. 23, 1st Mvt",NA
2012,Mozart,Regina Coeli,1779
2001,Mozart,Requiem,1791
2003,Mozart,Requiem,1791
2009,Mozart,Requiem,1791
2022,Mozart,Requiem,1791
1998,Mozart,Sinfonia Concertante for Violin and Viola,1779
1980,Mozart,Symphony #29,1774
1999,Mozart,Symphony #35 “Haffner”,1782
1990,Mozart,Symphony #38 “Prague”,1786
2015,Mozart,Symphony #40,1788
1984,Mozart,Symphony #41 “Jupiter”,1788
2010,Mozart,Symphony Concertante for Winds,1778
1985,Mozart,Wind Serenade in E flat,1782
1990,Mussorgsky,Introduction to Khovantchino,NA
1982,Mussorgsky,Night on Bald Mountain,1867
1999,Mussorgsky,Night on Bald Mountain,1867
2024,Mussorgsky,Night on Bald Mountain,1867
2001,Mussorgsky,Pictures at an Exhibition,1874
2011,Mussorgsky,Pictures at an Exhibition,1874
2014,Nickel,Concerto for Oboe,NA
2022,Nicolai,Merry Wives overture,1849
2005,Nielsen,Symphony No. 1,1892
1978,Offenbach,Bluebeard Overture,1866
2009,Offenbach,Bluebeard Overture,1866
2015,Offenbach,Orpheus in the Underworld,1858
2004,Offenbach,Orpheus in the Underworld,1858
2014,Orff,Carmina Burana,1937
2022,Orff,Carmina Burana,1937
1978,Pachelbel,Canon,1694
2024,Paganini,Violin Concerto #1,1816
2017,Parry,Symphonic Variations,1897
2000,Pentland,Arioso and Rondo,NA
2018,Pentland,Arioso and Rondo,NA
2000,Pentland,Ave Atque Vale,NA
2013,Piazzolla,Tangazo,1970
1981,Piston,Variations on a Theme by Edward Burlingame Hill,1962
1987,Porter,"Suite from “Kiss Me, Kate”",NA
2015,Prokofiev,Symphony #5,1944
1979,Prokofiev,Lieutenant Kije Suite,1934
2001,Prokofiev,Violin Concerto #1,1917
2022,Prokofiev,Cinderella Suite No.1,1946
2015,Prokofiev,Peter and the Wolf,1936
2007,Prokofiev,Piano Concerto #3,1921
2012,Prokofiev,Piano Concerto #3,1921
2023,Prokofiev,Piano Concerto #3,1921
2014,Prokofiev,Romeo & Juliet Suite No. 2,1936
2016,Prokofiev,Violin Concerto No. 1,1917
2016,Prokofiev,Violin Concerto No. 1,1917
2016,Puccini,Preludio Sinfonico,1882
2009,Quantz,Flute Concerto,NA
2015,Quilter,Children’s Overture,NA
2022,Rachmaninoff,Isle of the Dead,1908
2010,Rachmaninoff,Piano Concerto #2,1901
2016,Rachmaninoff,Piano Concerto #2,1901
2001,Rachmaninoff,Piano Concerto #2,1901
1998,Rachmaninoff,Piano Concerto #3,1909
2016,Rachmaninoff,Piano Concerto #3,1909
2011,Rachmaninoff,Rhapsody on a Theme of Paganini,1934
2024,Rachmaninoff,Symphonic Dances,1940
2004,Rachmaninoff,Symphony #1,1897
2010,Rachmaninoff,Symphony #2,1907
1997,Raminsh,Sahali Suite,NA
1996,Ravel,Bolero,1928
2013,Ravel,La Valse,1920
2005,Ravel,Mother Goose Suite,1911
2024,Ravel,Piano Concerto in G Major,1931
2004,Reinecke,Flute Concerto,1908
1981,Respighi,"Ancient Airs and Dances, Suite II",1923
2012,Respighi,Pines of Rome,1924
1994,Ridout,Fall Fair,NA
2013,Ridout,Fall Fair,NA
2017,Rimsky-Korsakov,Overture on Russian Themes Op. 28,1866
2014,Rimsky-Korsakov,Procession of the Nobles,1888
1980,Rimsky-Korsakov,Russian Easter Festival Overture,1888
2023,Rimsky-Korsakov,Scheherazade,1888
1985,Rodrigo,Concerto de Aranjuez,1939
2004,Rodrigo,Concerto de Aranjuez,1939
1993,Rodrigo,Concerto de Aranjuez,1939
1981,Rodrigo,Cuatro Madrigales Amatorios,1954
2013,Rossini,L’Italiana in Algeri Overture,1813
1990,Rossini,L’Italiana in Algeri Overture,1813
1994,Rossini,Overture to La Scala Di Seta,1812
1986,Rossini,The Barber of Seville Overture,1816
2004,Rossini,The Barber of Seville Overture,1816
1979,Rossini,William Tell Overture,1829
2012,Rossini,William Tell Overture,1829
2007,Rota,Bassoon Concerto,1977
2002,Rutter,Requiem,1985
1990,Rutter,Three Christmas Carols,NA
2023,Saint-Saens,Bacchanale from Samson and Delilah,1877
2013,Saint-Saens,Bacchanale from Samson and Delilah,1877
2016,Saint-Saens,Cavatine for Trombone and Orchestra,NA
2010,Saint-Saens,Cello Concerto #1,1872
2005,Saint-Saens,Cello Concerto #1,1872
2022,Saint-Saens,Cello Concerto #1,1872
2011,Saint-Saens,Dance Macabre,1874
1978,Saint-Saens,Danse Macabre,1874
1983,Saint-Saens,Introduction and Rondo Capriccioso,1863
2008,Saint-Saens,Introduction and Rondo Capriccioso,1863
1982,Saint-Saens,Piano Concerto #2,1868
1996,Saint-Saens,Piano Concerto #2,1868
2022,Saint-Saens,Piano Concerto #2,1868
2019,Saint-Saens,Piano Concerto #2,NA
2016,Saint-Saens,Piano Concerto #2,NA
2016,Saint-Saens,Symphony No. 3,1886
2010,Saint-Saens,Violin Concerto #3,NA
2013,Saint-Saens,Violin Concerto #3,NA
2024,Sarasate,Carmen Fantasy,1882
2024,Sarasate,Navarra,1889
2007,Schipizky,Late Night in Central Park,NA
1995,Schoenberg,Miss Saigon Medley,NA
1996,Schubert,Ave Maria,1825
2014,Schubert,Ave Maria,1825
1980,Schubert,Mass in G major,1815
1999,Schubert,Rosamunde Overture,1823
2008,Schubert,Rosamunde Overture,1823
2011,Schubert,Rosamunde Overture,1823
2003,Schubert,Symphony #5,1816
1978,Schubert,Symphony #7,1822
1982,Schubert,Symphony #8 “Unfinished”,1822
1989,Schubert,Symphony #8 “Unfinished”,1822
2001,Schubert,Symphony #8 “Unfinished”,1822
2018,Schubert,Symphony #8 “Unfinished”,1828
2010,Schubert,Symphony #9 “The Great”,1828
1996,Schubert,Symphony #9 “The Great”,1828
2002,Schumann,Piano Concerto,1845
2004,Schumann,Symphony #3,1850
2023,Schumann,Symphony #3,1850
1984,Schumann,Symphony #4,1841
1998,Schumann,Symphony #4,1841
2003,Scriabin,Piano Concerto,1897
1994,Shonberg,I Dreamed a Dream,NA
1994,Shonberg,Les Miserables Selection,NA
2006,Shostakovich,Cello Concerto #1,1959
2019,Shostakovich,Cello Concerto #1,NA
2001,Shostakovich,Festival Overture,1954
2019,Shostakovich,Symphony #5,1937
1982,Shostakovich,Symphony #5,1937
2000,Shostakovich,Symphony #9,1945
1989,Shostakovich,Symphony #9,NA
2012,Shostakovich,Violin Concerto,1948
2006,Sibelius,Finlandia,1899
2015,Sibelius,Finlandia,1899
1988,Sibelius,Karelia Suite,1893
2006,Sibelius,Karelia Suite,1893
2002,Sibelius,Symphony #1,1899
2000,Sibelius,Symphony #2,1902
2010,Sibelius,Symphony #2,1902
2023,Sibelius,Symphony #2,1902
2008,Sibelius,Symphony #5,1915
1985,Sibelius,Symphony #6,1923
2011,Sibelius,Symphony #7,1924
1980,Sibelius,The Swan of Tuonela,1895
1978,Sibelius,Violin Concerto,1904
2005,Sibelius,Violin Concerto,1904
2017,Sibelius,Violin Concerto,1904
2013,Sibelius,Violin Concerto,NA
2016,Sibelius,Violin Concerto,NA
2007,Smetana,Moldau,1874
1987,Smetana,Moldau,1874
2010,Smetana,Overture to the Bartered Bride,1866
2007,Solo,Mei Han/Randy Raine-Reusch,NA
1994,Sondheim,In Buddy’s Eyes,NA
1989,Sousa,El Capitan March,1896
1978,"Strauss, J","Blue Danube, Tales from the Vienna Woods",1866
1994,"Strauss, J","Blue Danube, Tales from the Vienna Woods",NA
1994,"Strauss, J",Kaiser-Walzer,1889
1981,"Strauss, J",Tales from the Vienna Woods,1868
1978,"Strauss, J",Wine Women and songs,1896
1983,"Strauss, R",Death and Transfiguration,1889
2017,"Strauss, R",Der Rosenkavalier Suite,1911
1989,"Strauss, R",Der Rosenkavalier Suite,1911
2015,"Strauss, R",Die Fledermaus Overture,1874
2000,"Strauss, R",Four Last Songs,1948
2014,"Strauss, R",Morgen,1894
2011,"Strauss, R",Seranade for Winds,1881
2007,"Strauss, R",Serenade for Winds,1881
1988,"Strauss, R",Serenade for Winds,1881
2004,Stravinsky,Divertimento from the Fairy’s Kiss,1934
2013,Stravinsky,Firebird Suite,1910
1981,Stravinsky,Firebird Suite,1919
2002,Stravinsky,"No word from Tom...Quietly night...I go, I go to him",1951
2024,Stravinsky,Petrushka,1911
2023,Suppe,Morning Noon and Night in Vienna,1844
2012,Suppe,Poet and Peasant Overture,1846
1983,Tartini,Concerto for Two Oboes and Horns and and Strings,1715
2015,Tchaikovsky,Capriccio Italien,1880
2017,Tchaikovsky,Marche Slave,1876
2014,Tchaikovsky,Nutcracker Suite,1892
1990,Tchaikovsky,Nutcracker Suite,1892
2008,Tchaikovsky,Piano Concerto #1,1875
2017,Tchaikovsky,Piano Concerto #1,1875
2023,Tchaikovsky,Piano Concerto #1,1875
1992,Tchaikovsky,Romeo and Juliet Fantasy Overture,1869
1984,Tchaikovsky,Romeo and Juliet Fantasy Overture,1869
1981,Tchaikovsky,Serenade for Strings,1880
2011,Tchaikovsky,Serenade for Strings,1880
1982,Tchaikovsky,Symphony #1 “Winter Dreams”,1866
1997,Tchaikovsky,Symphony #1 “Winter Dreams”,1866
2012,Tchaikovsky,Symphony #2,1872
2007,Tchaikovsky,Symphony #4,1878
2015,Tchaikovsky,Symphony #4,1878
1986,Tchaikovsky,Symphony #5,1888
1999,Tchaikovsky,Symphony #5,1888
2009,Tchaikovsky,Symphony #5,1888
2022,Tchaikovsky,Symphony #5,1888
1978,Tchaikovsky,Symphony #6 “Pathetique”,1893
2006,Tchaikovsky,Symphony #6 “Pathetique”,1893
2010,Tchaikovsky,Variations on a Rococo Theme,1876
1993,Tchaikovsky,Violin Concerto,1875
2010,Tchaikovsky,Violin Concerto,1875
2019,Tchaikovsky,Violin Concerto,1875
2002,Tchaikovsky,Romeo and Juliet Fantasy Overture,1869
2007,Thatcher,Lyric Songs,NA
1988,Tomasi,Concerto for Trumpet,1948
2013,Turina,Danzas Fantasticas,1919
1995,Ungar,Ashokan Farewell,NA
2017,Vaughan-Williams,English Folk Song Suite,1923
1999,Vaughan-Williams,Fantasia on a Theme of Thomas Tallis,1910
1982,Vaughan-Williams,Flos Campi Suite,1925
2012,Vaughan-Williams,Serenade to Music,1938
2018,Vaughan-Williams,Serenade to Music,1938
2018,Vaughan-Williams,Symphony No. 2,1914
1985,Vaughan-Williams,The First Nowell,1958
2011,Verdi,Anvil Chorus from Il Trovatore,1853
2016,Verdi,Anvil Chorus from Il Trovatore,1853
2011,Verdi,Brindisi from La Traviata,1853
2016,Verdi,Brindisi from La Traviata,1853
2016,Verdi,Chorus of the Hebrew Slaves from Nabucco,1842
2017,Verdi,La Forza del Destino Overture,1862
2007,Verdi,La Forza del Destino Overture,1862
1989,Verdi,Nabucco Overture,1842
2023,Verdi,Nabucco Overture,1842
2002,Verdi,Overture Luisa Miller,1849
2011,Verdi,Va Pensiero from Nabucco,1842
2011,Vivaldi,Concerto for Two Flutes,NA
1982,Vivaldi,Concerto in E major for Viola with Strings and Continuo,1709
2009,Vivaldi,Piccolo Concerto,NA
2006,Wagner,Adagio for Clarinet and Strings,1859
2000,Wagner,Die Meistersinger Overture,1862
2015,Wagner,Die Meistersinger Overture,1862
1988,Wagner,Die Meistersinger Overture,1862
2016,Wagner,Flying Dutchman Overture,1843
1990,Wagner,Good Friday Music from “Parsifal”,1882
1998,Wagner,Lohengrin Prelude,1850
2006,Wagner,Overture to Tanhauser,1845
1979,Wagner,Overture to the Opera Rienzi,1842
2023,Wagner,Prelude and Liebestod from Tristian and Isolde,1859
2002,Wagner,Prelude and Liebestod from Tristian and Isolde,1859
2024,Wagner,Ride of the Valkyries,1870
1995,Wagner,Siegfried Idyll,1870
1985,Walton,A Shakespeare Suite,1951
1994,Weber,Andante e Rondo Ungarese,1809
1983,Weber,Bassoon Concerto,1811
2010,Weber,Bassoon Concerto,1811
2006,Weber,Concerto for Clarinet and Orchestra,1811
2003,Weber,Der Freischutz Overture,1821
1999,Weber,Der Freischutz Overture,1821
2015,Weber,Der Frieschutz Overture,1821
1989,Weber,Euryanthe Overture,1823
2002,Weber,Euryanthe Overture,1823
2008,Weber,Euryanthe Overture,1823
2007,Weber,Oberon Overture,1826
2014,Weber,Oberon Overture,1826
1978,Weigel,Sonata for Strings,1947
1989,Weill,Suite from the Threepenny Opera,1928
1980,Wieniawski,Violin Concerto #2,1862
2023,Wieniawski,Violin Concerto #2,1862
1995,Willan,Overture to an Unwritten Comedy,NA
2003,Wilson,Sea and the Bells,2003
2023,Wilson,Sea and the Bells,2003
2010,Winner,Esther Hwang,NA
1996,Wise,Elegy,NA
2023,Zhang,Little Sisters of the Grassland,NA
2016,Zhang,The Voices from Gold Mountain,NA
2023,Zhang,Variations on a Theme of Tu Nation,NA
2007,Zhang,Yao Dance Zheng and Bawu with Orchestra,NA